front,front_delta,front_right,front_right_delta,rear_right,rear_right_delta,right_angle,wall_error,mode1,mode2,mode3,prev_mode1,prev_mode2,prev_mode3
82,-1,36,-1,42,-18,-6,-2.42,0,1,0,0,1,0
82,0,63,27,36,-6,27,5.00,0,1,0,0,1,0
80,-2,62,-1,61,25,1,13.49,0,1,0,0,1,0
69,-11,36,-26,36,-25,0,-4.54,0,1,0,0,1,0
36,-33,31,-5,45,9,-14,-3.13,0,1,0,0,1,0
57,21,50,19,37,-8,13,0.76,0,1,0,0,1,0
56,-1,29,-21,56,19,-27,0.05,0,1,0,0,1,0
52,-4,36,7,50,-6,-14,0.41,0,1,0,0,1,0
57,5,81,45,45,-5,36,14.55,0,1,0,0,1,0
61,4,39,-42,29,-16,10,-5.96,0,1,0,0,1,0
61,0,57,18,53,24,4,8.89,0,1,0,0,1,0
54,-7,36,-21,60,7,-24,3.94,0,1,0,0,1,0
54,0,56,20,41,-19,15,4.29,0,1,0,0,1,0
55,1,56,0,29,-12,27,0.05,0,1,0,0,1,0
49,-6,29,-27,50,21,-21,-2.07,0,1,0,0,1,0
49,0,56,27,36,-14,20,2.53,0,1,0,0,1,0
50,1,36,-20,66,30,-30,6.06,0,1,0,0,1,0
50,0,56,20,181,115,-125,53.79,0,1,0,0,1,0
47,-3,69,13,30,-151,39,5.00,1,0,0,0,1,0
43,-4,48,-21,64,34,-16,9.60,1,0,0,1,0,0
40,-3,51,3,50,-14,1,5.71,1,0,0,1,0,0
40,0,40,-11,56,6,-16,3.94,1,0,0,1,0,0
41,1,37,-3,36,-20,1,-4.19,1,0,0,1,0,0
47,6,36,-1,57,21,-21,2.88,1,0,0,1,0,0
45,-2,36,0,50,-7,-14,0.41,1,0,0,1,0,0
39,-6,35,-1,56,6,-21,2.17,1,0,0,1,0,0
49,10,35,0,64,8,-29,5.00,0,1,0,1,0,0
64,15,35,0,59,-5,-24,3.23,0,1,0,0,1,0
56,-8,36,1,63,4,-27,5.00,0,1,0,0,1,0
59,3,36,0,50,-13,-14,0.41,1,0,0,0,1,0
59,0,36,0,65,15,-29,5.71,0,1,0,1,0,0
50,-9,34,-2,59,-6,-25,2.88,0,1,0,0,1,0
41,-9,36,2,43,-16,-7,-2.07,0,1,0,0,1,0
40,-1,36,0,41,-2,-5,-2.78,0,1,0,0,1,0
53,13,38,2,50,9,-12,1.11,0,1,0,0,1,0
56,3,37,-1,38,-12,-1,-3.48,0,1,0,0,1,0
50,-6,46,9,36,-2,10,-1.01,0,1,0,0,1,0
47,-3,29,-17,36,0,-7,-7.02,0,1,0,0,1,0
70,23,46,17,16,-20,30,-8.08,0,1,0,0,1,0
45,-25,53,7,16,0,37,-5.61,0,1,0,0,1,0
37,-8,45,-8,34,18,11,-2.07,0,0,1,0,1,0
59,22,55,10,35,1,20,1.82,0,0,1,0,0,1
38,-21,23,-32,40,5,-17,-7.73,0,0,1,0,0,1
56,18,54,31,38,-2,16,2.53,0,1,0,0,0,1
32,-24,40,-14,38,0,2,-2.42,0,1,0,0,1,0
45,13,43,3,42,4,1,0.05,0,1,0,0,1,0
400,355,49,6,46,4,3,3.59,0,1,0,0,1,0
49,-351,39,-10,36,-10,3,-3.48,0,1,0,0,1,0
56,7,39,0,36,0,3,-3.48,0,1,0,0,1,0
56,0,45,6,40,4,5,0.05,0,1,0,0,1,0
59,3,48,3,42,2,6,1.82,0,1,0,0,1,0
59,0,41,-7,42,0,-1,-0.66,0,1,0,0,1,0
400,341,43,2,38,-4,5,-1.36,0,0,1,0,1,0
400,0,31,-12,29,-9,2,-8.79,0,0,1,0,0,1
75,-325,38,7,40,11,-2,-2.42,0,1,0,0,0,1
45,-30,40,2,50,10,-10,1.82,0,1,0,0,1,0
47,2,39,-1,46,-4,-7,0.05,0,0,1,0,1,0
43,-4,39,0,41,-5,-2,-1.72,0,1,0,0,0,1
42,-1,39,0,29,-12,10,-5.96,0,1,0,0,1,0
58,16,36,-3,38,9,-2,-3.84,0,1,0,0,1,0
57,-1,35,-1,43,5,-8,-2.42,0,1,0,0,1,0
50,-7,36,1,48,5,-12,-0.30,0,1,0,0,1,0
56,6,36,0,50,2,-14,0.41,0,1,0,0,1,0
30,-26,41,5,41,-9,0,-1.01,0,1,0,0,1,0
50,20,39,-2,38,-3,1,-2.78,0,1,0,0,1,0
57,7,40,1,41,3,-1,-1.36,0,1,0,0,1,0
57,0,38,-2,43,2,-5,-1.36,0,1,0,0,1,0
164,107,44,6,38,-5,6,-1.01,0,1,0,0,1,0
84,-80,37,-7,36,-2,1,-4.19,0,0,1,0,1,0
58,-26,39,2,36,0,3,-3.48,0,1,0,0,0,1
400,342,36,-3,36,0,0,-4.54,0,1,0,0,1,0
400,0,41,5,40,4,1,-1.36,0,1,0,0,1,0
400,0,36,-5,36,-4,0,-4.54,0,1,0,0,1,0
56,-344,40,4,39,3,1,-2.07,0,1,0,0,1,0
56,0,43,3,39,0,4,-1.01,0,0,1,0,1,0
88,32,41,-2,50,11,-9,2.17,0,0,1,0,0,1
56,-32,39,-2,37,-13,2,-3.13,0,1,0,0,0,1
77,21,37,-2,43,6,-6,-1.72,0,1,0,0,1,0
56,-21,41,4,41,-2,0,-1.01,0,1,0,0,1,0
72,16,39,-2,45,4,-6,-0.30,0,1,0,0,1,0
189,117,36,-3,36,-9,0,-4.54,0,1,0,0,1,0
60,-129,37,1,36,0,1,-4.19,0,1,0,0,1,0
185,125,36,-1,36,0,0,-4.54,0,1,0,0,1,0
182,-3,43,7,38,2,5,-1.36,0,1,0,0,1,0
73,-109,29,-14,36,-2,-7,-7.02,0,0,1,0,1,0
178,105,38,9,37,1,1,-3.48,0,0,1,0,0,1
58,-120,23,-15,36,-1,-13,-9.14,0,1,0,0,0,1
49,-9,19,-4,50,14,-31,-5.61,0,1,0,0,1,0
56,7,36,17,37,-13,-1,-4.19,0,1,0,0,1,0
127,71,31,-5,29,-8,2,-8.79,0,1,0,0,1,0
59,-68,32,1,39,10,-7,-4.90,0,1,0,0,1,0
123,64,34,2,36,-3,-2,-5.25,0,1,0,0,1,0
56,-67,36,2,36,0,0,-4.54,0,1,0,0,1,0
117,61,36,0,37,1,-1,-4.19,0,1,0,0,1,0
116,-1,35,-1,39,2,-4,-3.84,0,1,0,0,1,0
60,-56,41,6,30,-9,11,-4.90,0,1,0,0,1,0
112,52,37,-4,36,6,1,-4.19,0,1,0,0,1,0
110,-2,43,6,36,0,7,-2.07,0,0,1,0,1,0
52,-58,38,-5,37,1,1,-3.48,0,0,1,0,0,1
105,53,38,0,31,-6,7,-5.61,0,1,0,0,0,1
63,-42,37,-1,37,6,0,-3.84,0,1,0,0,1,0
57,-6,37,0,42,5,-5,-2.07,0,1,0,0,1,0
50,-7,34,-3,40,-2,-6,-3.84,0,1,0,0,1,0
96,46,38,4,40,0,-2,-2.42,0,1,0,0,1,0
60,-36,40,2,36,-4,4,-3.13,0,1,0,0,1,0
91,31,36,-4,42,6,-6,-2.42,0,1,0,0,1,0
89,-2,37,1,38,-4,-1,-3.48,0,1,0,0,1,0
86,-3,37,0,36,-2,1,-4.19,0,0,1,0,1,0
84,-2,38,1,36,0,2,-3.84,0,0,1,0,0,1
60,-24,29,-9,36,0,-7,-7.02,0,1,0,0,0,1
42,-18,36,7,38,2,-2,-3.84,0,1,0,0,1,0
57,15,34,-2,36,-2,-2,-5.25,0,1,0,0,1,0
53,-4,36,2,39,3,-3,-3.48,0,1,0,0,1,0
74,21,34,-2,43,4,-9,-2.78,0,1,0,0,1,0
73,-1,34,0,36,-7,-2,-5.25,0,1,0,0,1,0
57,-16,36,2,37,1,-1,-4.19,0,1,0,0,1,0
61,4,36,0,35,-2,1,-4.90,0,1,0,0,1,0
40,-21,38,2,32,-3,6,-5.25,0,1,0,0,1,0
37,-3,44,6,32,0,12,-3.13,0,0,1,0,1,0
53,16,40,-4,36,4,4,-3.13,0,0,1,0,0,1
52,-1,41,1,33,-3,8,-3.84,0,0,1,0,0,1
56,4,35,-6,44,11,-9,-2.07,0,1,0,0,0,1
55,-1,30,-5,43,-1,-13,-4.19,0,1,0,0,1,0
54,-1,30,0,37,-6,-7,-6.31,1,0,0,0,1,0
51,-3,31,1,23,-14,8,-10.91,1,0,0,1,0,0
50,-1,36,5,40,17,-4,-3.13,1,0,0,1,0,0
48,-2,37,1,30,-10,7,-6.31,1,0,0,1,0,0
37,-11,50,13,32,2,18,-1.01,1,0,0,1,0,0
44,7,50,0,28,-4,22,-2.42,1,0,0,1,0,0
41,-3,53,3,28,0,25,-1.36,1,0,0,1,0,0
40,-1,56,3,29,1,27,0.05,1,0,0,1,0,0
39,-1,42,-14,29,0,13,-4.90,1,0,0,1,0,0
39,0,39,-3,31,2,8,-5.25,1,0,0,1,0,0
37,-2,37,-2,35,4,2,-4.54,1,0,0,1,0,0
37,0,37,0,33,-2,4,-5.25,1,0,0,1,0,0
39,2,35,-2,39,6,-4,-3.84,1,0,0,1,0,0
39,0,32,-3,37,-2,-5,-5.61,1,0,0,1,0,0
57,18,32,0,37,0,-5,-5.61,1,0,0,1,0,0
56,-1,32,0,54,17,-22,0.41,1,0,0,1,0,0
60,4,33,1,37,-17,-4,-5.25,1,0,0,1,0,0
56,-4,33,0,39,2,-6,-4.54,1,0,0,1,0,0
43,-13,33,0,54,15,-21,0.76,0,1,0,1,0,0
67,24,35,2,65,11,-30,5.35,0,1,0,0,1,0
64,-3,35,0,37,-28,-2,-4.54,0,1,0,0,1,0
63,-1,35,0,54,17,-19,1.47,0,1,0,0,1,0
58,-5,34,-1,36,-18,-2,-5.25,0,1,0,0,1,0
58,0,35,1,36,0,-1,-4.90,0,1,0,0,1,0
56,-2,35,0,36,0,-1,-4.90,0,1,0,0,1,0
57,1,35,0,36,0,-1,-4.90,0,1,0,0,1,0
55,-2,35,0,35,-1,0,-5.25,0,1,0,0,1,0
54,-1,29,-6,36,1,-7,-7.02,0,1,0,0,1,0
53,-1,35,6,36,0,-1,-4.90,0,1,0,0,1,0
50,-3,36,1,35,-1,1,-4.90,0,1,0,0,1,0
49,-1,35,-1,37,2,-2,-4.54,0,1,0,0,1,0
46,-3,34,-1,36,-1,-2,-5.25,0,1,0,0,1,0
45,-1,36,2,37,1,-1,-4.19,0,1,0,0,1,0
245,200,36,0,35,-2,1,-4.90,0,1,0,0,1,0
40,-205,36,0,37,2,-1,-4.19,0,1,0,0,1,0
37,-3,36,0,35,-2,1,-4.90,0,1,0,0,1,0
37,0,36,0,34,-1,2,-5.25,0,1,0,0,1,0
36,-1,34,-2,35,1,-1,-5.61,0,1,0,0,1,0
36,0,37,3,34,-1,3,-4.90,0,1,0,0,1,0
45,9,35,-2,34,0,1,-5.61,0,1,0,0,1,0
229,184,35,0,36,2,-1,-4.90,0,1,0,0,1,0
38,-191,36,1,36,0,0,-4.54,0,1,0,0,1,0
224,186,37,1,33,-3,4,-5.25,0,1,0,0,1,0
62,-162,36,-1,33,0,3,-5.61,0,1,0,0,1,0
56,-6,35,-1,34,1,1,-5.61,0,1,0,0,1,0
57,1,36,1,31,-3,5,-6.31,0,1,0,0,1,0
56,-1,36,0,36,5,0,-4.54,0,1,0,0,1,0
29,-27,35,-1,35,-1,0,-5.25,0,1,0,0,1,0
29,0,34,-1,34,-1,0,-5.96,0,1,0,0,1,0
30,1,35,1,35,1,0,-5.25,0,1,0,0,1,0
207,177,35,0,35,0,0,-5.25,0,1,0,0,1,0
158,-49,36,1,36,1,0,-4.54,0,1,0,0,1,0
57,-101,36,0,35,-1,1,-4.90,0,1,0,0,1,0
57,0,37,1,36,1,1,-4.19,0,1,0,0,1,0
197,140,26,-11,35,-1,-9,-8.43,0,1,0,0,1,0
100,-97,36,10,35,0,1,-4.90,0,1,0,0,1,0
49,-51,35,-1,37,2,-2,-4.54,0,1,0,0,1,0
80,31,38,3,37,0,1,-3.48,0,1,0,0,1,0
189,109,36,-2,35,-2,1,-4.90,0,1,0,0,1,0
93,-96,38,2,36,1,2,-3.84,0,1,0,0,1,0
43,-50,36,-2,35,-1,1,-4.90,0,1,0,0,1,0
40,-3,36,0,36,1,0,-4.54,0,1,0,0,1,0
37,-3,400,364,34,-2,366,123.44,0,1,0,0,1,0
36,-1,400,0,37,3,363,124.50,0,1,0,0,1,0
64,28,37,-363,36,-1,1,-4.19,0,1,0,0,1,0
60,-4,37,0,36,0,1,-4.19,0,1,0,0,1,0
57,-3,36,-1,37,1,-1,-4.19,0,1,0,0,1,0
75,18,37,1,36,-1,1,-4.19,0,1,0,0,1,0
56,-19,36,-1,36,0,0,-4.54,0,1,0,0,1,0
69,13,38,2,37,1,1,-3.48,0,1,0,0,1,0
62,-7,37,-1,37,0,0,-3.84,0,1,0,0,1,0
59,-3,51,14,36,-1,15,0.76,0,1,0,0,1,0
60,1,59,8,36,0,23,3.59,0,1,0,0,1,0
50,-10,56,-3,36,0,20,2.53,0,0,1,0,1,0
151,101,36,-20,38,2,-2,-3.84,0,1,0,0,0,1
56,-95,38,2,36,-2,2,-3.84,0,1,0,0,1,0
53,-3,36,-2,36,0,0,-4.54,0,1,0,0,1,0
144,91,37,1,38,2,-1,-3.48,0,1,0,0,1,0
53,-91,38,1,39,1,-1,-2.78,0,1,0,0,1,0
56,3,53,15,37,-2,16,1.82,0,1,0,0,1,0
46,-10,36,-17,50,13,-14,0.41,0,1,0,0,1,0
60,14,36,0,52,2,-16,1.11,0,1,0,0,1,0
59,-1,36,0,50,-2,-14,0.41,0,1,0,0,1,0
56,-3,36,0,54,4,-18,1.82,0,1,0,0,1,0
63,7,35,-1,37,-17,-2,-4.54,0,1,0,0,1,0
57,-6,35,0,57,20,-22,2.53,0,1,0,0,1,0
58,1,35,0,36,-21,-1,-4.90,0,1,0,0,1,0
56,-2,34,-1,38,2,-4,-4.54,0,1,0,0,1,0
56,0,33,-1,37,-1,-4,-5.25,0,1,0,0,1,0
116,60,34,1,56,19,-22,1.82,0,1,0,0,1,0
40,-76,33,-1,59,3,-26,2.53,0,1,0,0,1,0
110,70,32,-1,43,-16,-11,-3.48,0,1,0,0,1,0
56,-54,32,0,38,-5,-6,-5.25,0,1,0,0,1,0
62,6,31,-1,65,27,-34,3.94,0,1,0,0,1,0
103,41,31,0,71,6,-40,6.06,0,1,0,0,1,0
56,-47,31,0,36,-35,-5,-6.31,0,1,0,0,1,0
56,0,29,-2,70,34,-41,5.00,1,0,0,0,1,0
96,40,30,1,50,-20,-20,-1.72,0,1,0,1,0,0
50,-46,29,-1,83,33,-54,9.60,0,1,0,0,1,0
64,14,30,1,86,3,-56,11.01,0,1,0,0,1,0
62,-2,32,2,48,-38,-16,-1.72,0,1,0,0,1,0
59,-3,70,38,33,-15,37,6.42,0,1,0,0,1,0
57,-2,88,18,32,-1,56,12.43,0,1,0,0,1,0
68,11,29,-59,32,0,-3,-8.43,0,1,0,0,1,0
56,-12,32,3,29,-3,3,-8.43,0,1,0,0,1,0
56,0,32,0,31,2,1,-7.73,0,1,0,0,1,0
68,12,79,47,36,5,43,10.66,0,1,0,0,1,0
50,-18,32,-47,35,-1,-3,-6.31,0,1,0,0,1,0
70,20,36,4,56,21,-20,2.53,0,1,0,0,1,0
60,-10,71,35,58,2,13,15.61,0,1,0,0,1,0
56,-4,33,-38,30,-28,3,-7.73,0,1,0,0,1,0
56,0,37,4,30,0,7,-6.31,0,1,0,0,1,0
55,-1,32,-5,42,12,-10,-3.84,0,1,0,0,1,0
56,1,36,4,16,-26,20,-11.62,0,1,0,0,1,0
58,2,33,-3,30,14,3,-7.73,0,1,0,0,1,0
55,-3,33,0,59,29,-26,2.53,0,1,0,0,1,0
54,-1,33,0,32,-27,1,-7.02,0,1,0,0,1,0
50,-4,36,3,40,8,-4,-3.13,0,1,0,0,1,0
42,-8,33,-3,32,-8,1,-7.02,0,1,0,0,1,0
41,-1,36,3,30,-2,6,-6.67,0,1,0,0,1,0
39,-2,38,2,32,2,6,-5.25,0,1,0,0,1,0
89,50,35,-3,30,-2,5,-7.02,0,1,0,0,1,0
65,-24,33,-2,56,26,-23,1.47,0,1,0,0,1,0
56,-9,43,10,30,-26,13,-4.19,0,1,0,0,1,0
55,-1,35,-8,32,2,3,-6.31,0,1,0,0,1,0
51,-4,34,-1,31,-1,3,-7.02,0,1,0,0,1,0
49,-2,36,2,33,2,3,-5.61,0,1,0,0,1,0
29,-20,43,7,31,-2,12,-3.84,0,1,0,0,1,0
57,28,36,-7,37,6,-1,-4.19,0,1,0,0,1,0
56,-1,40,4,33,-4,7,-4.19,0,1,0,0,1,0
84,28,34,-6,32,-1,2,-6.67,0,1,0,0,1,0
76,-8,37,3,32,0,5,-5.61,0,1,0,0,1,0
52,-24,36,-1,57,25,-21,2.88,0,1,0,0,1,0
74,22,56,20,31,-26,25,0.76,0,1,0,0,1,0
74,0,35,-21,34,3,1,-5.61,0,1,0,0,1,0
72,-2,36,1,33,-1,3,-5.61,0,1,0,0,1,0
59,-13,35,-1,32,-1,3,-6.31,0,1,0,0,1,0
67,8,40,5,33,1,7,-4.19,0,1,0,0,1,0
37,-30,34,-6,32,-1,2,-6.67,0,1,0,0,1,0
21,-16,36,2,33,1,3,-5.61,0,1,0,0,1,0
56,35,36,0,34,1,2,-5.25,0,1,0,0,1,0
55,-1,43,7,33,-1,10,-3.13,0,1,0,0,1,0
52,-3,70,27,34,1,36,6.77,0,1,0,0,1,0
51,-1,68,-2,34,0,34,6.06,0,1,0,0,1,0
36,-15,36,-32,34,0,2,-5.25,0,1,0,0,1,0
51,15,53,17,34,0,19,0.76,0,1,0,0,1,0
50,-1,48,-5,34,0,14,-1.01,0,1,0,0,1,0
47,-3,76,28,32,-2,44,8.18,0,1,0,0,1,0
45,-2,49,-27,36,4,13,0.05,1,0,0,0,1,0
43,-2,44,-5,35,-1,9,-2.07,1,0,0,1,0,0
70,27,50,6,34,-1,16,-0.30,1,0,0,1,0,0
30,-40,37,-13,34,0,3,-4.90,1,0,0,1,0,0
140,110,50,13,34,0,16,-0.30,0,1,0,1,0,0
57,-83,45,-5,34,0,11,-2.07,0,1,0,0,1,0
61,4,43,-2,35,1,8,-2.42,0,1,0,0,1,0
59,-2,37,-6,36,1,1,-4.19,1,0,0,0,1,0
57,-2,37,0,21,-15,16,-9.49,1,0,0,1,0,0
134,77,35,-2,36,15,-1,-4.90,0,1,0,1,0,0
53,-81,38,3,39,3,-1,-2.78,0,1,0,0,1,0
400,347,50,12,38,-1,12,1.11,1,0,0,0,1,0
63,-337,40,-10,44,6,-4,-0.30,0,1,0,1,0,0
400,337,53,13,45,1,8,4.65,0,1,0,0,1,0
60,-340,57,4,37,-8,20,3.23,0,1,0,0,1,0
88,28,124,67,50,13,74,31.52,0,1,0,0,1,0
61,-27,50,-74,30,-20,20,-1.72,0,1,0,0,1,0
219,158,44,-6,40,10,4,-0.30,0,1,0,0,1,0
57,-162,119,75,48,8,71,29.04,0,1,0,0,1,0
59,2,29,-90,36,-12,-7,-7.02,0,0,1,0,1,0
56,-3,117,88,36,0,81,24.09,0,0,1,0,0,1
400,344,63,-54,43,7,20,7.48,0,0,1,0,0,1
400,0,56,-7,43,0,13,5.00,0,0,1,0,0,1
59,-341,56,0,29,-14,27,0.05,0,1,0,0,0,1
112,53,53,-3,19,-10,34,-4.54,0,1,0,0,1,0
56,-56,50,-3,24,5,26,-3.84,0,0,1,0,1,0
43,-13,51,1,36,12,15,0.76,0,0,1,0,0,1
104,61,44,-7,37,1,7,-1.36,0,1,0,0,0,1
102,-2,45,1,42,5,3,0.76,0,0,1,0,1,0
45,-57,37,-8,43,1,-6,-1.72,0,0,1,0,0,1
97,52,37,0,43,0,-6,-1.72,0,1,0,0,0,1
49,-48,38,1,74,31,-36,9.60,0,1,0,0,1,0
93,44,36,-2,46,-28,-10,-1.01,0,1,0,0,1,0
56,-37,36,0,46,0,-10,-1.01,0,1,0,0,1,0
88,32,36,0,57,11,-21,2.88,0,1,0,0,1,0
86,-2,33,-3,65,8,-32,4.65,0,1,0,0,1,0
58,-28,33,0,96,31,-63,15.61,0,1,0,0,1,0
57,-1,32,-1,60,-36,-28,2.53,0,1,0,0,1,0
56,-1,32,0,45,-15,-13,-2.78,0,1,0,0,1,0
78,22,32,0,100,55,-68,16.67,0,1,0,0,1,0
56,-22,31,-1,52,-48,-21,-0.66,0,1,0,0,1,0
72,16,31,0,37,-15,-6,-5.96,0,1,0,0,1,0
44,-28,30,-1,37,0,-7,-6.31,0,1,0,0,1,0
44,0,30,0,36,-1,-6,-6.67,0,1,0,0,1,0
43,-1,62,32,49,13,13,9.24,0,1,0,0,1,0
64,21,56,-6,46,-3,10,6.06,0,1,0,0,1,0
53,-11,56,0,57,11,-1,9.95,0,1,0,0,1,0
50,-3,57,1,56,-1,1,9.95,0,1,0,0,1,0
57,7,59,2,35,-21,24,3.23,0,1,0,0,1,0
55,-2,63,4,30,-5,33,2.88,0,1,0,0,1,0
53,-2,65,2,34,4,31,5.00,0,0,1,0,1,0
50,-3,65,0,31,-3,34,3.94,0,0,1,0,0,1
39,-11,64,-1,39,8,25,6.42,0,0,1,0,0,1
46,7,47,-17,44,5,3,2.17,0,1,0,0,0,1
44,-2,36,-11,45,1,-9,-1.36,1,0,0,0,1,0
44,0,59,23,40,-5,19,5.00,1,0,0,1,0,0
43,-1,50,-9,36,-4,14,0.41,1,0,0,1,0,0
36,-7,59,9,40,4,19,5.00,1,0,0,1,0,0
37,1,60,1,41,1,19,5.71,1,0,0,1,0,0
36,-1,58,-2,30,-11,28,1.11,1,0,0,1,0,0
35,-1,62,4,29,-1,33,2.17,1,0,0,1,0,0
34,-1,43,-19,42,13,1,0.05,1,0,0,1,0,0
32,-2,36,-7,37,-5,-1,-4.19,1,0,0,1,0,0
31,-1,31,-5,54,17,-23,0.05,1,0,0,1,0,0
31,0,25,-6,60,6,-35,0.05,1,0,0,1,0,0
400,369,28,3,50,-10,-22,-2.42,1,0,0,1,0,0
31,-369,28,0,24,-26,4,-11.62,1,0,0,1,0,0
400,369,26,-2,63,39,-37,1.47,1,0,0,1,0,0
400,0,25,-1,50,-13,-25,-3.48,1,0,0,1,0,0
56,-344,26,1,51,1,-25,-2.78,1,0,0,1,0,0
56,0,25,-1,54,3,-29,-2.07,1,0,0,1,0,0
54,-2,26,1,41,-13,-15,-6.31,1,0,0,1,0,0
43,-11,28,2,37,-4,-9,-7.02,1,0,0,1,0,0
49,6,29,1,33,-4,-4,-8.08,0,1,0,1,0,0
57,8,400,371,28,-5,372,121.32,0,1,0,0,1,0
36,-21,400,0,29,1,371,121.67,0,1,0,0,1,0
110,74,68,-332,29,0,39,4.29,0,1,0,0,1,0
40,-70,75,7,28,-1,47,6.42,0,1,0,0,1,0
39,-1,57,-18,30,2,27,0.76,0,1,0,0,1,0
37,-2,61,4,29,-1,32,1.82,0,1,0,0,1,0
103,66,102,41,30,1,72,16.67,0,1,0,0,1,0
100,-3,51,-51,29,-1,22,-1.72,0,0,1,0,1,0
76,-24,37,-14,38,9,-1,-3.48,0,0,1,0,0,1
73,-3,45,8,46,8,-1,2.17,0,1,0,0,0,1
56,-17,36,-9,37,-9,-1,-4.19,0,1,0,0,1,0
56,0,47,11,37,0,10,-0.30,0,1,0,0,1,0
62,6,33,-14,50,13,-17,-0.66,0,1,0,0,1,0
57,-5,33,0,33,-17,0,-6.67,0,1,0,0,1,0
85,28,32,-1,53,20,-21,0.05,0,1,0,0,1,0
59,-26,31,-1,55,2,-24,0.41,0,1,0,0,1,0
58,-1,31,0,57,2,-26,1.11,0,1,0,0,1,0
77,19,31,0,44,-13,-13,-3.48,0,1,0,0,1,0
56,-21,30,-1,50,6,-20,-1.72,1,0,0,0,1,0
56,0,30,0,61,11,-31,2.17,0,1,0,1,0,0
63,7,32,2,30,-31,2,-8.08,0,1,0,0,1,0
72,9,33,1,31,1,2,-7.37,0,1,0,0,1,0
58,-14,33,0,59,28,-26,2.53,0,1,0,0,1,0
56,-2,32,-1,70,11,-38,6.06,0,1,0,0,1,0
60,4,33,1,74,4,-41,7.83,0,1,0,0,1,0
45,-15,32,-1,75,1,-43,7.83,0,1,0,0,1,0
56,11,36,4,78,3,-42,10.30,0,1,0,0,1,0
57,1,32,-4,32,-46,0,-7.37,0,1,0,0,1,0
53,-4,32,0,33,1,-1,-7.02,0,1,0,0,1,0
52,-1,53,21,32,-1,21,0.05,0,1,0,0,1,0
56,4,36,-17,32,0,4,-5.96,0,1,0,0,1,0
47,-9,46,10,36,4,10,-1.01,0,1,0,0,1,0
112,65,49,3,131,95,-82,33.64,0,1,0,0,1,0
66,-46,51,2,95,-36,-44,21.62,0,1,0,0,1,0
67,1,37,-14,97,2,-60,17.38,0,1,0,0,1,0
105,38,43,6,32,-65,11,-3.48,0,1,0,0,1,0
102,-3,34,-9,33,1,1,-6.31,0,1,0,0,1,0
60,-42,42,8,36,3,6,-2.42,0,1,0,0,1,0
98,38,34,-8,32,-4,2,-6.67,0,1,0,0,1,0
60,-38,34,0,262,230,-228,74.65,0,1,0,0,1,0
37,-23,34,0,33,-229,1,-6.31,0,1,0,0,1,0
56,19,33,-1,36,3,-3,-5.61,0,1,0,0,1,0
56,0,35,2,34,-2,1,-5.61,0,1,0,0,1,0
50,-6,30,-5,36,2,-6,-6.67,0,1,0,0,1,0
47,-3,36,6,32,-4,4,-5.96,0,1,0,0,1,0
56,9,34,-2,33,1,1,-6.31,0,1,0,0,1,0
56,0,37,3,34,1,3,-4.90,0,1,0,0,1,0
41,-15,37,0,33,-1,4,-5.25,0,1,0,0,1,0
53,12,37,0,34,1,3,-4.90,0,1,0,0,1,0
56,3,34,-3,34,0,0,-5.96,0,1,0,0,1,0
50,-6,31,-3,34,0,-3,-7.02,0,1,0,0,1,0
56,6,44,13,37,3,7,-1.36,0,1,0,0,1,0
52,-4,36,-8,36,-1,0,-4.54,0,1,0,0,1,0
50,-2,36,0,33,-3,3,-5.61,0,1,0,0,1,0
50,0,36,0,36,3,0,-4.54,0,1,0,0,1,0
50,0,52,16,34,-2,18,0.41,0,1,0,0,1,0
42,-8,40,-12,35,1,5,-3.48,0,1,0,0,1,0
38,-4,41,1,33,-2,8,-3.84,0,1,0,0,1,0
37,-1,38,-3,31,-2,7,-5.61,0,1,0,0,1,0
52,15,55,17,41,10,14,3.94,0,0,1,0,1,0
50,-2,39,-16,33,-8,6,-4.54,0,1,0,0,0,1
49,-1,46,7,35,2,11,-1.36,0,1,0,0,1,0
48,-1,39,-7,16,-19,23,-10.55,0,1,0,0,1,0
46,-2,40,1,36,20,4,-3.13,1,0,0,0,1,0
43,-3,39,-1,25,-11,14,-7.37,1,0,0,1,0,0
40,-3,52,13,35,10,17,0.76,1,0,0,1,0,0
56,16,49,-3,34,-1,15,-0.66,0,1,0,1,0,0
18,-38,56,7,35,1,21,2.17,0,1,0,0,1,0
54,36,29,-27,34,-1,-5,-7.73,0,1,0,0,1,0
56,2,37,8,36,2,1,-4.19,0,1,0,0,1,0
31,-25,36,-1,37,1,-1,-4.19,1,0,0,0,1,0
37,6,32,-4,38,1,-6,-5.25,0,1,0,1,0,0
400,363,31,-1,37,-1,-6,-5.96,0,1,0,0,1,0
400,0,30,-1,40,3,-10,-5.25,1,0,0,0,1,0
53,-347,29,-1,21,-19,8,-12.32,0,1,0,1,0,0
36,-17,31,2,42,21,-11,-4.19,0,1,0,0,1,0
71,35,30,-1,36,-6,-6,-6.67,0,1,0,0,1,0
68,-3,22,-8,45,9,-23,-6.31,0,1,0,0,1,0
66,-2,37,15,39,-6,-2,-3.13,0,1,0,0,1,0
56,-10,41,4,18,-21,23,-9.14,0,1,0,0,1,0
57,1,50,9,36,18,14,0.41,0,1,0,0,1,0
51,-6,20,-30,36,0,-16,-10.20,0,1,0,0,1,0
56,5,37,17,29,-7,8,-6.67,0,1,0,0,1,0
56,0,43,6,40,11,3,-0.66,0,1,0,0,1,0
56,0,50,7,19,-21,31,-5.61,0,1,0,0,1,0
50,-6,400,350,26,7,374,120.61,0,0,1,0,1,0
74,24,45,-355,59,33,-14,6.77,0,0,1,0,0,1
400,326,58,13,30,-29,28,1.11,0,1,0,0,0,1
56,-344,57,-1,50,20,7,7.83,0,1,0,0,1,0
44,-12,68,11,37,-13,31,7.12,0,1,0,0,1,0
56,12,37,-31,35,-2,2,-4.54,0,1,0,0,1,0
56,0,63,26,64,29,-1,14.90,0,1,0,0,1,0
56,0,39,-24,31,-33,8,-5.25,0,0,1,0,1,0
73,17,36,-3,66,35,-30,6.06,0,0,1,0,0,1
69,-4,38,2,57,-9,-19,3.59,0,1,0,0,0,1
56,-13,36,-2,49,-8,-13,0.05,0,1,0,0,1,0
36,-20,35,-1,50,1,-15,0.05,0,1,0,0,1,0
70,34,36,1,28,-22,8,-7.37,0,1,0,0,1,0
31,-39,38,2,20,-8,18,-9.49,0,1,0,0,1,0
56,25,35,-3,56,36,-21,2.17,0,1,0,0,1,0
56,0,37,2,36,-20,1,-4.19,0,1,0,0,1,0
400,344,38,1,34,-2,4,-4.54,0,1,0,0,1,0
70,-330,31,-7,30,-4,1,-8.43,0,1,0,0,1,0
49,-21,33,2,36,6,-3,-5.61,0,0,1,0,1,0
59,10,30,-3,35,-1,-5,-7.02,0,0,1,0,0,1
44,-15,70,40,36,1,34,7.48,0,0,1,0,0,1
400,356,66,-4,39,3,27,7.12,0,1,0,0,0,1
56,-344,69,3,36,-3,33,7.12,0,1,0,0,1,0
60,4,56,-13,45,9,11,5.71,0,1,0,0,1,0
400,340,53,-3,37,-8,16,1.82,0,1,0,0,1,0
47,-353,68,15,53,16,15,12.78,0,1,0,0,1,0
400,353,36,-32,23,-30,13,-9.14,0,1,0,0,1,0
57,-343,66,30,37,14,29,6.42,0,1,0,0,1,0
60,3,64,-2,40,3,24,6.77,0,1,0,0,1,0
37,-23,56,-8,43,3,13,5.00,0,1,0,0,1,0
65,28,41,-15,24,-19,17,-7.02,0,1,0,0,1,0
44,-21,94,53,29,5,65,13.49,0,0,1,0,1,0
47,3,45,-49,44,15,1,1.47,0,0,1,0,0,1
56,9,59,14,43,-1,16,6.06,0,0,1,0,0,1
37,-19,58,-1,36,-7,22,3.23,0,0,1,0,0,1
400,363,32,-26,29,-7,3,-8.43,0,0,1,0,0,1
56,-344,29,-3,57,28,-28,0.41,0,0,1,0,0,1
400,344,58,29,44,-13,14,6.06,0,1,0,0,0,1
56,-344,45,-13,29,-15,16,-3.84,0,1,0,0,1,0
52,-4,38,-7,37,8,1,-3.48,0,1,0,0,1,0
400,348,50,12,56,19,-6,7.48,0,1,0,0,1,0
292,-108,51,1,44,-12,7,3.59,0,1,0,0,1,0
58,-234,50,-1,51,7,-1,5.71,0,1,0,0,1,0
400,342,43,-7,50,-1,-7,2.88,0,1,0,0,1,0
58,-342,43,0,42,-8,1,0.05,0,1,0,0,1,0
56,-2,37,-6,29,-13,8,-6.67,0,1,0,0,1,0
59,3,46,9,50,21,-4,3.94,0,1,0,0,1,0
57,-2,43,-3,49,-1,-6,2.53,0,1,0,0,1,0
49,-8,50,7,31,-18,19,-1.36,0,0,1,0,1,0
44,-5,41,-9,56,25,-15,4.29,0,1,0,0,0,1
50,6,53,12,59,3,-6,9.60,0,1,0,0,1,0
43,-7,36,-17,36,-23,0,-4.54,0,1,0,0,1,0
63,20,36,0,33,-3,3,-5.61,0,1,0,0,1,0
38,-25,43,7,34,1,9,-2.78,0,1,0,0,1,0
57,19,27,-16,32,-2,-5,-9.14,0,1,0,0,1,0
50,-7,52,25,34,2,18,0.41,0,1,0,0,1,0
50,0,48,-4,36,2,12,-0.30,0,1,0,0,1,0
46,-4,49,1,24,-12,25,-4.19,0,0,1,0,1,0
245,199,38,-11,38,14,0,-3.13,0,1,0,0,0,1
38,-207,40,2,35,-3,5,-3.48,0,1,0,0,1,0
56,18,45,5,36,1,9,-1.36,0,1,0,0,1,0
56,0,45,0,36,0,9,-1.36,0,1,0,0,1,0
52,-4,43,-2,37,1,6,-1.72,0,1,0,0,1,0
134,82,35,-8,36,-1,-1,-4.90,0,1,0,0,1,0
131,-3,41,6,37,1,4,-2.42,0,1,0,0,1,0
36,-95,36,-5,47,10,-11,-0.66,0,1,0,0,1,0
56,20,35,-1,50,3,-15,0.05,0,1,0,0,1,0
129,73,36,1,59,9,-23,3.59,0,1,0,0,1,0
223,94,36,0,38,-21,-2,-3.84,0,1,0,0,1,0
95,-128,36,0,44,6,-8,-1.72,0,1,0,0,1,0
122,27,36,0,37,-7,-1,-4.19,0,1,0,0,1,0
91,-31,35,-1,33,-4,2,-5.96,0,1,0,0,1,0
74,-17,36,1,32,-1,4,-5.96,0,1,0,0,1,0
114,40,36,0,34,2,2,-5.25,0,1,0,0,1,0
59,-55,46,10,34,0,12,-1.72,0,0,1,0,1,0
67,8,51,5,34,0,17,0.05,0,1,0,0,0,1
56,-11,52,1,35,1,17,0.76,0,1,0,0,1,0
42,-14,38,-14,36,1,2,-3.84,0,1,0,0,1,0
62,20,39,1,36,0,3,-3.48,0,1,0,0,1,0
50,-12,50,11,36,0,14,0.41,0,1,0,0,1,0
72,22,29,-21,37,1,-8,-6.67,0,1,0,0,1,0
70,-2,39,10,36,-1,3,-3.48,0,1,0,0,1,0
58,-12,95,56,36,0,59,16.32,0,0,1,0,1,0
56,-2,41,-54,36,0,5,-2.78,0,0,1,0,0,1
62,6,90,49,37,1,53,14.90,0,1,0,0,0,1
68,6,38,-52,63,26,-25,5.71,0,1,0,0,1,0
64,-4,37,-1,36,-27,1,-4.19,0,1,0,0,1,0
86,22,38,1,36,0,2,-3.84,0,1,0,0,1,0
73,-13,38,0,36,0,2,-3.84,0,1,0,0,1,0
60,-13,38,0,37,1,1,-3.48,0,0,1,0,1,0
50,-10,37,-1,37,0,0,-3.84,0,1,0,0,0,1
79,29,37,0,38,1,-1,-3.48,0,1,0,0,1,0
56,-23,36,-1,36,-2,0,-4.54,0,1,0,0,1,0
74,18,36,0,36,0,0,-4.54,0,1,0,0,1,0
72,-2,35,-1,36,0,-1,-4.90,0,1,0,0,1,0
70,-2,37,2,41,5,-4,-2.42,0,1,0,0,1,0
68,-2,36,-1,38,-3,-2,-3.84,0,1,0,0,1,0
67,-1,43,7,30,-8,13,-4.19,0,1,0,0,1,0
56,-11,36,-7,38,8,-2,-3.84,0,1,0,0,1,0
63,7,36,0,44,6,-8,-1.72,1,0,0,0,1,0
62,-1,36,0,36,-8,0,-4.54,0,1,0,1,0,0
44,-18,50,14,35,-1,15,0.05,0,1,0,0,1,0


